{"cameraMode":{"drawMode":0,"name":"Shaded","section":"Shading Mode"},"sceneLighting":true,"audioPlay":false,"sceneViewState":{"showFog":true,"showMaterialUpdate":true,"showSkybox":true,"showFlares":true,"showImageEffects":true,"showParticleSystems":true},"in2DMode":false,"pivot":{"x":-27.247753143310548,"y":-14.3787260055542,"z":18.021770477294923},"rotation":{"x":-0.1837266981601715,"y":0.47522231936454775,"z":-0.10218792408704758,"w":-0.8543967604637146},"size":36.91692352294922,"orthographic":false}