{"cameraMode":{"drawMode":0,"name":"Shaded","section":"Shading Mode"},"sceneLighting":true,"audioPlay":false,"sceneViewState":{"showFog":true,"showMaterialUpdate":true,"showSkybox":true,"showFlares":true,"showImageEffects":true,"showParticleSystems":true},"in2DMode":false,"pivot":{"x":-1.431799292564392,"y":0.6769513487815857,"z":-0.7406015396118164},"rotation":{"x":0.024137843400239946,"y":0.9757738709449768,"z":-0.16247570514678956,"w":0.1447715163230896},"size":2.483640193939209,"orthographic":false}