{"cameraMode":{"drawMode":0,"name":"Shaded","section":"Shading Mode"},"sceneLighting":false,"audioPlay":false,"sceneViewState":{"showFog":true,"showMaterialUpdate":true,"showSkybox":true,"showFlares":true,"showImageEffects":true,"showParticleSystems":true},"in2DMode":false,"pivot":{"x":-0.11496981978416443,"y":-0.14079932868480683,"z":0.31469297409057619},"rotation":{"x":-0.11755669862031937,"y":0.7805331349372864,"z":-0.1544140726327896,"w":-0.5942263603210449},"size":0.4725240170955658,"orthographic":false}